{"cameraMode":{"drawMode":0,"name":"Shaded","section":"Shading Mode"},"sceneLighting":false,"audioPlay":false,"sceneViewState":{"showFog":true,"showMaterialUpdate":false,"showSkybox":false,"showFlares":true,"showImageEffects":true,"showParticleSystems":true},"in2DMode":false,"pivot":{"x":-1.869999885559082,"y":0.7130000591278076,"z":-17.950000762939454},"rotation":{"x":-0.23124627768993379,"y":0.5169949531555176,"z":-0.1474389284849167,"w":-0.8108663558959961},"size":0.8660253882408142,"orthographic":false}