{"cameraMode":{"drawMode":0,"name":"Shaded","section":"Shading Mode"},"sceneLighting":false,"audioPlay":false,"sceneViewState":{"showFog":true,"showMaterialUpdate":false,"showSkybox":false,"showFlares":true,"showImageEffects":true,"showParticleSystems":true},"in2DMode":false,"pivot":{"x":-4.289999961853027,"y":0.24500000476837159,"z":-6.054999828338623},"rotation":{"x":-0.23124627768993379,"y":0.5169949531555176,"z":-0.1474389284849167,"w":-0.8108663558959961},"size":8.152738571166993,"orthographic":false}