{"cameraMode":{"drawMode":0,"name":"Shaded","section":"Shading Mode"},"sceneLighting":false,"audioPlay":false,"sceneViewState":{"showFog":true,"showMaterialUpdate":false,"showSkybox":false,"showFlares":true,"showImageEffects":true,"showParticleSystems":true},"in2DMode":false,"pivot":{"x":1.3480000495910645,"y":-0.0070000141859054569,"z":2.640000104904175},"rotation":{"x":-0.23124627768993379,"y":0.5169949531555176,"z":-0.1474389284849167,"w":-0.8108663558959961},"size":1.0464223623275757,"orthographic":false}